<?xml version="1.0" encoding="utf-8" ?>
<dwsync>
<file name="01-large.jpg" server="ftp.dargnet.org//gri/" local="131701280310387887" remote="131714112000000000" Dst="2" />
<file name="01-small.jpg" server="ftp.dargnet.org//gri/" local="131701280453671309" remote="131714112000000000" Dst="2" />
<file name="02-large.jpg" server="ftp.dargnet.org//gri/" local="131701282098075931" remote="131714112000000000" Dst="2" />
<file name="02-small.jpg" server="ftp.dargnet.org//gri/" local="131701282182913163" remote="131714112000000000" Dst="2" />
<file name="03-large.jpg" server="ftp.dargnet.org//gri/" local="131701282701762163" remote="131714112000000000" Dst="2" />
<file name="03-small.jpg" server="ftp.dargnet.org//gri/" local="131701282787533149" remote="131714112000000000" Dst="2" />
<file name="04-large.jpg" server="ftp.dargnet.org//gri/" local="131701283064045915" remote="131714112000000000" Dst="2" />
<file name="04-small.jpg" server="ftp.dargnet.org//gri/" local="131701282968678219" remote="131714112000000000" Dst="2" />
<file name="05-large.jpg" server="ftp.dargnet.org//gri/" local="131701282498745405" remote="131714112000000000" Dst="2" />
<file name="05-small.jpg" server="ftp.dargnet.org//gri/" local="131701282403706298" remote="131714112000000000" Dst="2" />
<file name="06-large.jpg" server="ftp.dargnet.org//gri/" local="131701283293199832" remote="131714112000000000" Dst="2" />
<file name="06-small.jpg" server="ftp.dargnet.org//gri/" local="131701283370058599" remote="131714112000000000" Dst="2" />
<file name="07-large.jpg" server="ftp.dargnet.org//gri/" local="131701283606162677" remote="131714112000000000" Dst="2" />
<file name="07-small.jpg" server="ftp.dargnet.org//gri/" local="131701283534416707" remote="131714112000000000" Dst="2" />
<file name="08-large.jpg" server="ftp.dargnet.org//gri/" local="131701283799478470" remote="131714112000000000" Dst="2" />
<file name="08-small.jpg" server="ftp.dargnet.org//gri/" local="131701283927963046" remote="131714112000000000" Dst="2" />
<file name="09-large.jpg" server="ftp.dargnet.org//gri/" local="131701284277201529" remote="131714112000000000" Dst="2" />
<file name="09-small.jpg" server="ftp.dargnet.org//gri/" local="131701284396685617" remote="131714112000000000" Dst="2" />
<file name="10-large.jpg" server="ftp.dargnet.org//gri/" local="131701284932877093" remote="131714112000000000" Dst="2" />
<file name="10-small.jpg" server="ftp.dargnet.org//gri/" local="131701285007166402" remote="131714112000000000" Dst="2" />
<file name="11-large.jpg" server="ftp.dargnet.org//gri/" local="131701284091071701" remote="131714112000000000" Dst="2" />
<file name="11-small.jpg" server="ftp.dargnet.org//gri/" local="131701284167433381" remote="131714112000000000" Dst="2" />
<file name="12-large.jpg" server="ftp.dargnet.org//gri/" local="131701284684328198" remote="131714112000000000" Dst="2" />
<file name="12-small.jpg" server="ftp.dargnet.org//gri/" local="131701284765687308" remote="131714112000000000" Dst="2" />
</dwsync>