<?xml version="1.0" encoding="utf-8" ?>
<dwsync>
<file name="bootstrap.js" server="ftp.dargnet.org//gri/" local="131701235171459721" remote="131714112000000000" Dst="2" />
<file name="bootstrap.min.js" server="ftp.dargnet.org//gri/" local="131701235171539679" remote="131714112000000000" Dst="2" />
<file name="contact_me.js" server="ftp.dargnet.org//gri/" local="131701235171609864" remote="131714112000000000" Dst="2" />
<file name="jqBootstrapValidation.js" server="ftp.dargnet.org//gri/" local="131701235171700331" remote="131714112000000000" Dst="2" />
<file name="jquery.1.11.1.js" server="ftp.dargnet.org//gri/" local="131701235171780322" remote="131714112000000000" Dst="2" />
<file name="jquery.isotope.js" server="ftp.dargnet.org//gri/" local="131701235171860522" remote="131714112000000000" Dst="2" />
<file name="main.js" server="ftp.dargnet.org//gri/" local="131733910175858574" remote="131733982800000000" Dst="2" />
<file name="nivo-lightbox.js" server="ftp.dargnet.org//gri/" local="131701235172001174" remote="131714112000000000" Dst="2" />
<file name="SmoothScroll.js" server="ftp.dargnet.org//gri/" local="131701235172081117" remote="131714112000000000" Dst="2" />
</dwsync>