<?xml version="1.0" encoding="utf-8" ?>
<dwsync>
<file name="animated.less" server="ftp.dargnet.org//gri/" local="131701235166927584" remote="131714111400000000" Dst="2" />
<file name="bordered-pulled.less" server="ftp.dargnet.org//gri/" local="131701235167007558" remote="131714111400000000" Dst="2" />
<file name="core.less" server="ftp.dargnet.org//gri/" local="131701235167078070" remote="131714111400000000" Dst="2" />
<file name="fixed-width.less" server="ftp.dargnet.org//gri/" local="131701235167157959" remote="131714111400000000" Dst="2" />
<file name="font-awesome.less" server="ftp.dargnet.org//gri/" local="131701235167248208" remote="131714111400000000" Dst="2" />
<file name="icons.less" server="ftp.dargnet.org//gri/" local="131701235167318677" remote="131714111400000000" Dst="2" />
<file name="larger.less" server="ftp.dargnet.org//gri/" local="131701235167398604" remote="131714111400000000" Dst="2" />
<file name="list.less" server="ftp.dargnet.org//gri/" local="131701235167478820" remote="131714111400000000" Dst="2" />
<file name="mixins.less" server="ftp.dargnet.org//gri/" local="131701235167548998" remote="131714111400000000" Dst="2" />
<file name="path.less" server="ftp.dargnet.org//gri/" local="131701235167629212" remote="131714111400000000" Dst="2" />
<file name="rotated-flipped.less" server="ftp.dargnet.org//gri/" local="131701235167699415" remote="131714111400000000" Dst="2" />
<file name="stacked.less" server="ftp.dargnet.org//gri/" local="131701235167769598" remote="131714111400000000" Dst="2" />
<file name="variables.less" server="ftp.dargnet.org//gri/" local="131701235167849809" remote="131714111400000000" Dst="2" />
</dwsync>