<?xml version="1.0" encoding="utf-8" ?>
<dwsync>
<file name="close.png" server="ftp.dargnet.org//gri/" local="131701235165293263" remote="131714111400000000" Dst="2" />
<file name="close@2x.png" server="ftp.dargnet.org//gri/" local="131701235165373211" remote="131714111400000000" Dst="2" />
<file name="default.css" server="ftp.dargnet.org//gri/" local="131701235165453432" remote="131714111400000000" Dst="2" />
<file name="loading.gif" server="ftp.dargnet.org//gri/" local="131701235165523875" remote="131714111400000000" Dst="2" />
<file name="loading@2x.gif" server="ftp.dargnet.org//gri/" local="131701235165603838" remote="131714111400000000" Dst="2" />
<file name="next.png" server="ftp.dargnet.org//gri/" local="131701235165684039" remote="131714111400000000" Dst="2" />
<file name="next@2x.png" server="ftp.dargnet.org//gri/" local="131701235165754242" remote="131714111400000000" Dst="2" />
<file name="nivo-lightbox.css" server="ftp.dargnet.org//gri/" local="131701235165844466" remote="131714111400000000" Dst="2" />
<file name="prev.png" server="ftp.dargnet.org//gri/" local="131701235165914667" remote="131714111400000000" Dst="2" />
<file name="prev@2x.png" server="ftp.dargnet.org//gri/" local="131701235166004893" remote="131714111400000000" Dst="2" />
</dwsync>