<?xml version="1.0" encoding="utf-8" ?>
<dwsync>
<file name="_animated.scss" server="ftp.dargnet.org//gri/" local="131701235168020268" remote="131714111400000000" Dst="2" />
<file name="_bordered-pulled.scss" server="ftp.dargnet.org//gri/" local="131701235168090722" remote="131714111400000000" Dst="2" />
<file name="_core.scss" server="ftp.dargnet.org//gri/" local="131701235168170657" remote="131714111400000000" Dst="2" />
<file name="_fixed-width.scss" server="ftp.dargnet.org//gri/" local="131701235168250871" remote="131714111400000000" Dst="2" />
<file name="_icons.scss" server="ftp.dargnet.org//gri/" local="131701235168331084" remote="131714111400000000" Dst="2" />
<file name="_larger.scss" server="ftp.dargnet.org//gri/" local="131701235168401502" remote="131714111400000000" Dst="2" />
<file name="_list.scss" server="ftp.dargnet.org//gri/" local="131701235168471685" remote="131714111400000000" Dst="2" />
<file name="_mixins.scss" server="ftp.dargnet.org//gri/" local="131701235168551671" remote="131714111400000000" Dst="2" />
<file name="_path.scss" server="ftp.dargnet.org//gri/" local="131701235168621866" remote="131714111400000000" Dst="2" />
<file name="_rotated-flipped.scss" server="ftp.dargnet.org//gri/" local="131701235168692305" remote="131714111400000000" Dst="2" />
<file name="_stacked.scss" server="ftp.dargnet.org//gri/" local="131701235168772258" remote="131714111400000000" Dst="2" />
<file name="_variables.scss" server="ftp.dargnet.org//gri/" local="131701235168852734" remote="131714111400000000" Dst="2" />
<file name="font-awesome.scss" server="ftp.dargnet.org//gri/" local="131701235167940040" remote="131714111400000000" Dst="2" />
</dwsync>